adv_290_3_1_.png,1,60
adv_462_3_2_.png,1,37
adv_334_1_0_.png,1,127
adv_492_6_5_.png,1,86
adv_38_4_1_.png,1,192
adv_6_7_5_.png,1,37
adv_398_3_1_.png,1,36
adv_432_2_9_.png,1,76
adv_245_4_1_.png,1,75
adv_188_9_7_.png,1,23
adv_227_0_2_.png,1,90
adv_323_2_8_.png,1,31
adv_22_1_4_.png,1,57
adv_257_0_5_.png,1,38
adv_30_0_3_.png,1,113
adv_130_1_4_.png,1,72
adv_447_4_6_.png,1,72
adv_152_9_7_.png,1,10
adv_178_4_7_.png,1,46
adv_40_4_3_.png,1,19
adv_140_5_4_.png,1,20
adv_366_1_6_.png,1,38
adv_155_7_1_.png,1,69
adv_186_9_5_.png,1,96
adv_204_6_5_.png,1,21
adv_303_4_6_.png,1,106
adv_404_3_8_.png,1,57
adv_481_5_3_.png,1,46
adv_455_6_4_.png,1,32
adv_12_2_3_.png,1,58
adv_114_9_5_.png,1,139
adv_282_1_3_.png,1,59
adv_464_3_5_.png,1,41
adv_176_4_5_.png,1,62
adv_65_9_1_.png,1,152
adv_383_4_5_.png,1,136
adv_259_0_7_.png,1,41
adv_61_4_7_.png,1,54
adv_312_7_5_.png,1,105
adv_73_5_0_.png,1,110
adv_118_0_1_.png,1,55
adv_392_2_5_.png,1,73
adv_292_3_4_.png,1,44
adv_241_7_6_.png,1,287
adv_239_7_4_.png,1,27
adv_51_1_6_.png,1,226
adv_445_4_3_.png,1,77
adv_33_0_6_.png,1,66
adv_371_7_1_.png,1,100
adv_496_0_1_.png,1,73
adv_42_4_6_.png,1,144
adv_376_7_6_.png,1,104
adv_483_5_6_.png,1,28
adv_249_4_6_.png,1,29
adv_125_0_8_.png,1,21
adv_301_4_3_.png,1,74
adv_191_6_1_.png,1,67
adv_223_4_7_.png,1,23
adv_411_5_6_.png,1,45
adv_498_0_3_.png,1,59
adv_368_1_8_.png,1,33
adv_85_9_3_.png,1,100
adv_325_7_0_.png,1,78
adv_418_1_4_.png,1,59
adv_449_4_8_.png,1,176
adv_57_4_2_.png,1,211
adv_380_4_1_.png,1,61
adv_262_1_0_.png,1,113
adv_472_5_3_.png,1,19
adv_419_1_5_.png,1,45
adv_379_4_0_.png,1,99
adv_84_9_2_.png,1,188
adv_369_1_9_.png,1,73
adv_251_4_8_.png,1,34
adv_339_1_6_.png,1,42
adv_222_4_6_.png,1,218
adv_190_6_0_.png,1,33
adv_300_4_2_.png,1,29
adv_307_7_0_.png,1,73
adv_36_0_9_.png,1,16
adv_54_1_9_.png,1,120
adv_162_7_9_.png,1,18
adv_28_0_1_.png,1,86
adv_196_6_7_.png,1,46
adv_43_4_7_.png,1,15
adv_330_7_5_.png,1,51
adv_414_5_9_.png,1,158
adv_370_7_0_.png,1,89
adv_486_5_9_.png,1,33
adv_444_4_2_.png,1,26
adv_309_7_2_.png,1,42
adv_214_5_7_.png,1,60
adv_293_3_5_.png,1,16
adv_337_1_4_.png,1,38
adv_60_4_6_.png,1,54
adv_64_9_0_.png,1,156
adv_258_0_6_.png,1,62
adv_358_1_7_.png,1,326
adv_198_6_9_.png,1,69
adv_345_2_3_.png,1,49
adv_341_1_8_.png,1,16
adv_76_5_3_.png,1,23
adv_147_9_2_.png,1,204
adv_232_0_7_.png,1,52
adv_220_4_3_.png,1,53
adv_361_1_0_.png,1,125
adv_405_3_9_.png,1,57
adv_480_5_2_.png,1,105
adv_487_6_0_.png,1,50
adv_367_1_7_.png,1,35
adv_154_7_0_.png,1,34
adv_49_1_4_.png,1,28
adv_112_9_3_.png,1,94
adv_14_2_5_.png,1,118
adv_131_1_5_.png,1,60
adv_356_1_5_.png,1,73
adv_256_0_4_.png,1,34
adv_306_4_9_.png,1,119
adv_202_6_3_.png,1,63
adv_23_1_5_.png,1,49
adv_453_6_2_.png,1,15
adv_489_6_2_.png,1,19
adv_244_4_0_.png,1,55
adv_378_7_9_.png,1,36
adv_284_1_5_.png,1,270
adv_286_1_7_.png,1,85
adv_62_4_8_.png,1,11
adv_336_1_3_.png,1,19
adv_428_2_5_.png,1,69
adv_173_4_1_.png,1,81
adv_461_3_1_.png,1,62
adv_216_5_9_.png,1,84
adv_19_1_0_.png,1,118
adv_243_7_9_.png,1,37
adv_246_4_2_.png,1,63
adv_182_9_1_.png,1,80
adv_200_6_1_.png,1,36
adv_133_1_7_.png,1,78
adv_484_5_7_.png,1,27
adv_451_6_0_.png,1,16
adv_435_4_2_.png,1,80
adv_156_7_2_.png,1,79
adv_365_1_5_.png,1,73
adv_16_2_7_.png,1,86
adv_110_9_1_.png,1,76
adv_142_5_7_.png,1,82
adv_457_6_7_.png,1,112
adv_253_0_1_.png,1,53
adv_34_0_7_.png,1,52
adv_352_1_0_.png,1,127
adv_10_2_0_.png,1,56
adv_362_1_2_.png,1,55
adv_145_9_0_.png,1,104
adv_74_5_1_.png,1,138
adv_280_1_0_.png,1,71
adv_230_0_5_.png,1,84
adv_494_6_8_.png,1,32
adv_2_7_1_.png,1,49
adv_473_5_4_.png,1,28
adv_66_9_2_.png,1,31
adv_209_5_1_.png,1,108
adv_463_3_4_.png,1,38
adv_459_6_9_.png,1,83
adv_407_5_1_.png,1,28
adv_266_1_5_.png,1,51
adv_372_7_2_.png,1,34
adv_122_0_5_.png,1,133
adv_203_6_4_.png,1,46
adv_304_4_7_.png,1,90
adv_195_6_5_.png,1,115
adv_48_1_3_.png,1,111
adv_41_4_5_.png,1,66
adv_78_5_6_.png,1,55
adv_113_9_4_.png,1,36
adv_165_3_2_.png,1,61
adv_268_1_7_.png,1,79
adv_409_5_3_.png,1,21
adv_298_4_0_.png,1,68
adv_324_2_9_.png,1,30
adv_375_7_5_.png,1,41
adv_288_1_9_.png,1,86
adv_192_6_2_.png,1,14
adv_314_7_8_.png,1,80
adv_210_5_2_.png,1,26
adv_18_2_9_.png,1,88
adv_395_2_8_.png,1,19
adv_77_5_4_.png,1,29
adv_382_4_3_.png,1,44
adv_470_5_1_.png,1,245
adv_219_4_2_.png,1,43
adv_327_7_2_.png,1,25
adv_55_4_0_.png,1,97
adv_315_7_9_.png,1,68
adv_46_1_0_.png,1,157
adv_211_5_3_.png,1,14
adv_283_1_4_.png,1,17
adv_193_6_3_.png,1,126
adv_270_1_9_.png,1,88
adv_221_4_5_.png,1,45
adv_13_2_4_.png,1,25
adv_408_5_2_.png,1,375
adv_374_7_4_.png,1,30
adv_299_4_1_.png,1,115
adv_454_6_3_.png,1,49
adv_79_5_7_.png,1,44
adv_468_3_9_.png,1,79
adv_194_6_4_.png,1,4
adv_31_0_4_.png,1,90
adv_217_4_0_.png,1,129
adv_321_2_6_.png,1,50
adv_373_7_3_.png,1,40
adv_272_3_1_.png,1,89
adv_406_5_0_.png,1,60
adv_458_6_8_.png,1,24
adv_430_2_7_.png,1,67
adv_236_7_1_.png,1,51
adv_208_5_0_.png,1,59
adv_67_9_3_.png,1,82
adv_499_0_4_.png,1,41
adv_495_6_9_.png,1,48
adv_213_5_6_.png,1,33
adv_466_3_7_.png,1,189
adv_413_5_8_.png,1,46
adv_363_1_3_.png,1,17
adv_116_9_7_.png,1,30
adv_11_2_1_.png,1,63
adv_160_7_6_.png,1,97
adv_157_7_3_.png,1,37
adv_364_1_4_.png,1,301
adv_150_9_5_.png,1,87
adv_107_6_8_.png,1,28
adv_238_7_3_.png,1,23
adv_53_1_8_.png,1,31
adv_132_1_6_.png,1,72
adv_242_7_8_.png,1,47
adv_247_4_3_.png,1,26
adv_172_4_0_.png,1,110
adv_460_3_0_.png,1,59
adv_63_4_9_.png,1,15
adv_237_7_2_.png,1,58
adv_108_6_9_.png,1,156
adv_228_0_8_.png,1,20
adv_170_3_8_.png,1,42
adv_169_3_7_.png,1,175
adv_281_1_2_.png,1,82
adv_295_3_7_.png,1,102
adv_469_5_0_.png,1,80
adv_199_6_0_.png,1,41
adv_360_1_9_.png,1,66
adv_260_0_8_.png,1,232
adv_421_1_7_.png,1,65
adv_442_4_0_.png,1,41
adv_353_1_2_.png,1,11
adv_441_4_9_.png,1,13
adv_185_9_4_.png,1,17
adv_97_0_7_.png,1,46
adv_456_6_5_.png,1,31
adv_129_1_3_.png,1,53
adv_81_5_9_.png,1,60
adv_333_7_9_.png,1,28
adv_167_3_5_.png,1,11
adv_403_3_7_.png,1,59
adv_151_9_6_.png,1,166
adv_416_1_2_.png,1,49
adv_431_2_8_.png,1,183
adv_5_7_4_.png,1,46
adv_476_5_8_.png,1,66
adv_82_9_0_.png,1,60
adv_491_6_4_.png,1,64
adv_234_0_9_.png,1,43
adv_229_0_4_.png,1,20
adv_439_4_7_.png,1,56
adv_218_4_1_.png,1,95
adv_326_7_1_.png,1,44
adv_275_3_5_.png,1,25
adv_467_3_8_.png,1,58
adv_45_4_9_.png,1,18
adv_316_2_0_.png,1,63
adv_117_9_8_.png,1,36
adv_424_2_0_.png,1,72
adv_412_5_7_.png,1,64
adv_136_5_0_.png,1,74
adv_25_1_7_.png,1,52
adv_126_0_9_.png,1,27
adv_206_6_8_.png,1,28
adv_100_6_0_.png,1,34
adv_72_9_8_.png,1,38
adv_224_4_8_.png,1,79
adv_52_1_7_.png,1,35
adv_109_9_0_.png,1,71
adv_106_6_7_.png,1,78
adv_328_7_3_.png,1,13
adv_437_4_5_.png,1,112
adv_320_2_5_.png,1,63
adv_384_4_6_.png,1,96
adv_99_0_9_.png,1,35
adv_273_3_2_.png,1,31
adv_138_5_2_.png,1,90
adv_311_7_4_.png,1,43
adv_391_2_4_.png,1,72
adv_318_2_3_.png,1,32
adv_343_2_0_.png,1,27
adv_139_5_3_.png,1,66
adv_287_1_8_.png,1,58
adv_98_0_8_.png,1,30
adv_267_1_6_.png,1,201
adv_385_4_7_.png,1,22
adv_123_0_6_.png,1,74
adv_485_5_8_.png,1,30
adv_225_4_9_.png,1,25
adv_143_5_8_.png,1,26
adv_149_9_4_.png,1,16
adv_17_2_8_.png,1,13
adv_164_3_1_.png,1,127
adv_35_0_8_.png,1,128
adv_207_6_9_.png,1,24
adv_161_7_8_.png,1,51
adv_101_6_1_.png,1,77
adv_24_1_6_.png,1,124
adv_252_4_9_.png,1,14
adv_425_2_1_.png,1,87
adv_137_5_1_.png,1,61
adv_44_4_8_.png,1,33
adv_317_2_1_.png,1,102
adv_47_1_2_.png,1,55
adv_471_5_2_.png,1,69
adv_438_4_6_.png,1,127
adv_274_3_4_.png,1,190
adv_429_2_6_.png,1,148
adv_83_9_1_.png,1,121
adv_477_5_9_.png,1,58
adv_264_1_3_.png,1,9
adv_305_4_8_.png,1,98
adv_355_1_4_.png,1,23
adv_59_4_5_.png,1,42
adv_417_1_3_.png,1,30
adv_183_9_2_.png,1,347
adv_201_6_2_.png,1,33
adv_434_4_1_.png,1,85
adv_91_0_1_.png,1,30
adv_402_3_6_.png,1,87
adv_120_0_3_.png,1,31
adv_332_7_8_.png,1,45
adv_80_5_8_.png,1,61
adv_166_3_4_.png,1,63
adv_111_9_2_.png,1,29
adv_128_1_2_.png,1,97
adv_96_0_6_.png,1,66
adv_443_4_1_.png,1,95
adv_269_1_8_.png,1,158
adv_440_4_8_.png,1,87
adv_427_2_4_.png,1,100
adv_420_1_6_.png,1,96
adv_261_0_9_.png,1,33
adv_394_2_7_.png,1,50
adv_127_1_0_.png,1,71
adv_294_3_6_.png,1,81
adv_212_5_4_.png,1,90
adv_342_1_9_.png,1,55
adv_75_5_2_.png,1,6
adv_231_0_6_.png,1,42
adv_168_3_6_.png,1,57
adv_3_7_2_.png,1,35
adv_171_3_9_.png,1,82
adv_1_7_0_.png,1,62
adv_450_4_9_.png,1,2
adv_146_9_1_.png,1,110
adv_86_9_4_.png,1,7
adv_250_4_7_.png,1,79
adv_377_7_8_.png,1,40
adv_94_0_4_.png,1,44
adv_26_1_8_.png,1,24
adv_205_6_7_.png,1,71
adv_134_1_8_.png,1,125
adv_478_5_0_.png,1,98
adv_88_9_6_.png,1,90
adv_15_2_6_.png,1,23
adv_197_6_8_.png,1,16
adv_148_9_3_.png,1,71
adv_71_9_7_.png,1,61
adv_141_5_6_.png,1,60
adv_181_9_0_.png,1,27
adv_357_1_6_.png,1,47
adv_452_6_1_.png,1,47
adv_93_0_3_.png,1,31
adv_436_4_3_.png,1,30
adv_278_3_8_.png,1,22
adv_400_3_4_.png,1,34
adv_387_4_9_.png,1,9
adv_488_6_1_.png,1,107
adv_493_6_7_.png,1,150
adv_285_1_6_.png,1,44
adv_335_1_2_.png,1,41
adv_319_2_4_.png,1,72
adv_215_5_8_.png,1,32
adv_359_1_8_.png,1,82
adv_381_4_2_.png,1,38
adv_276_3_6_.png,1,78
adv_158_7_4_.png,1,19
adv_233_0_8_.png,1,44
adv_340_1_7_.png,1,25
adv_347_2_5_.png,1,66
adv_396_2_9_.png,1,56
adv_296_3_8_.png,1,26
adv_174_4_2_.png,1,16
adv_422_1_8_.png,1,56
adv_426_2_3_.png,1,46
adv_410_5_4_.png,1,53
adv_338_1_5_.png,1,22
adv_103_6_3_.png,1,94
adv_9_7_9_.png,1,14
adv_482_5_4_.png,1,59
adv_349_2_7_.png,1,85
adv_29_0_2_.png,1,60
adv_331_7_6_.png,1,84
adv_21_1_3_.png,1,55
adv_121_0_4_.png,1,22
adv_104_6_4_.png,1,63
adv_254_0_2_.png,1,27
adv_354_1_3_.png,1,16
adv_350_2_8_.png,1,75
adv_68_9_4_.png,1,35
adv_308_7_1_.png,1,67
adv_389_2_1_.png,1,60
adv_265_1_4_.png,1,71
adv_289_3_0_.png,1,108
adv_475_5_7_.png,1,98
adv_490_6_3_.png,1,84
adv_393_2_6_.png,1,79
adv_119_0_2_.png,1,33
adv_313_7_6_.png,1,119
adv_189_9_8_.png,1,35
adv_474_5_6_.png,1,39
adv_388_2_0_.png,1,78
adv_271_3_0_.png,1,65
adv_4_7_3_.png,1,27
adv_240_7_5_.png,1,44
adv_255_0_3_.png,1,39
adv_105_6_5_.png,1,113
adv_32_0_5_.png,1,60
adv_153_9_8_.png,1,42
adv_58_4_3_.png,1,63
adv_69_9_5_.png,1,107
adv_50_1_5_.png,1,51
adv_351_2_9_.png,1,77
adv_322_2_7_.png,1,17
adv_20_1_2_.png,1,102
adv_497_0_2_.png,1,7
adv_180_4_9_.png,1,33
adv_179_4_8_.png,1,37
adv_348_2_6_.png,1,77
adv_433_4_0_.png,1,66
adv_8_7_8_.png,1,90
adv_248_4_5_.png,1,39
adv_102_6_2_.png,1,50
adv_184_9_3_.png,1,43
adv_423_1_9_.png,1,30
adv_346_2_4_.png,1,115
adv_175_4_3_.png,1,53
adv_297_3_9_.png,1,290
adv_159_7_5_.png,1,111
adv_277_3_7_.png,1,114
adv_56_4_1_.png,1,88
adv_263_1_2_.png,1,53
adv_310_7_3_.png,1,21
adv_291_3_2_.png,1,80
adv_390_2_3_.png,1,27
adv_39_4_2_.png,1,20
adv_7_7_6_.png,1,171
adv_399_3_2_.png,1,125
adv_386_4_8_.png,1,28
adv_90_9_8_.png,1,123
adv_401_3_5_.png,1,59
adv_329_7_4_.png,1,32
adv_279_3_9_.png,1,47
adv_226_0_1_.png,1,166
adv_92_0_2_.png,1,58
adv_415_1_0_.png,1,73
adv_446_4_5_.png,1,139
adv_70_9_6_.png,1,64
adv_89_9_7_.png,1,57
adv_187_9_6_.png,1,118
adv_302_4_5_.png,1,61
adv_135_1_9_.png,1,112
adv_479_5_1_.png,1,123
adv_124_0_7_.png,1,76
adv_397_3_0_.png,1,70
adv_27_1_9_.png,1,55
adv_95_0_5_.png,1,45
adv_163_3_0_.png,1,107
adv_37_4_0_.png,1,42
adv_115_9_6_.png,1,96
adv_144_5_9_.png,1,83
adv_87_9_5_.png,1,107
adv_177_4_6_.png,1,113
adv_500_0_5_.png,1,40
adv_465_3_6_.png,1,86
adv_344_2_1_.png,1,60
adv_448_4_7_.png,1,61
adv_235_7_0_.png,1,68
adv_290_3_1_.png,5,150
adv_462_3_2_.png,5,102
adv_334_1_0_.png,5,228
adv_492_6_5_.png,5,136
adv_38_4_1_.png,5,364
adv_6_7_5_.png,5,107
adv_398_3_1_.png,5,130
adv_432_2_9_.png,5,167
adv_245_4_1_.png,5,177
adv_188_9_7_.png,5,81
adv_227_0_2_.png,5,256
adv_323_2_8_.png,5,88
adv_22_1_4_.png,5,123
adv_257_0_5_.png,5,80
adv_30_0_3_.png,5,284
adv_130_1_4_.png,5,175
adv_447_4_6_.png,5,140
adv_152_9_7_.png,5,55
adv_178_4_7_.png,5,107
adv_40_4_3_.png,5,125
adv_140_5_4_.png,5,105
adv_366_1_6_.png,5,133
adv_155_7_1_.png,5,148
adv_186_9_5_.png,5,224
adv_204_6_5_.png,5,97
adv_303_4_6_.png,5,169
adv_404_3_8_.png,5,119
adv_481_5_3_.png,5,123
adv_455_6_4_.png,5,108
adv_12_2_3_.png,5,137
adv_114_9_5_.png,5,254
adv_282_1_3_.png,5,178
adv_464_3_5_.png,5,90
adv_176_4_5_.png,5,129
adv_65_9_1_.png,5,461
adv_383_4_5_.png,5,256
adv_259_0_7_.png,5,105
adv_61_4_7_.png,5,125
adv_312_7_5_.png,5,173
adv_73_5_0_.png,5,279
adv_118_0_1_.png,5,147
adv_392_2_5_.png,5,144
adv_292_3_4_.png,5,105
adv_241_7_6_.png,5,408
adv_239_7_4_.png,5,110
adv_51_1_6_.png,5,373
adv_445_4_3_.png,5,185
adv_33_0_6_.png,5,117
adv_371_7_1_.png,5,256
adv_496_0_1_.png,5,221
adv_42_4_6_.png,5,338
adv_376_7_6_.png,5,217
adv_483_5_6_.png,5,82
adv_249_4_6_.png,5,115
adv_125_0_8_.png,5,70
adv_301_4_3_.png,5,156
adv_191_6_1_.png,5,161
adv_223_4_7_.png,5,131
adv_411_5_6_.png,5,123
adv_498_0_3_.png,5,163
adv_368_1_8_.png,5,89
adv_85_9_3_.png,5,221
adv_325_7_0_.png,5,173
adv_418_1_4_.png,5,167
adv_449_4_8_.png,5,329
adv_57_4_2_.png,5,471
adv_380_4_1_.png,5,145
adv_262_1_0_.png,5,197
adv_472_5_3_.png,5,107
adv_419_1_5_.png,5,110
adv_379_4_0_.png,5,184
adv_84_9_2_.png,5,492
adv_369_1_9_.png,5,155
adv_251_4_8_.png,5,102
adv_339_1_6_.png,5,128
adv_222_4_6_.png,5,425
adv_190_6_0_.png,5,130
adv_300_4_2_.png,5,70
adv_307_7_0_.png,5,164
adv_36_0_9_.png,5,111
adv_54_1_9_.png,5,328
adv_162_7_9_.png,5,75
adv_28_0_1_.png,5,198
adv_196_6_7_.png,5,152
adv_43_4_7_.png,5,93
adv_330_7_5_.png,5,118
adv_414_5_9_.png,5,381
adv_370_7_0_.png,5,187
adv_486_5_9_.png,5,118
adv_444_4_2_.png,5,83
adv_309_7_2_.png,5,79
adv_214_5_7_.png,5,159
adv_293_3_5_.png,5,67
adv_337_1_4_.png,5,111
adv_60_4_6_.png,5,130
adv_64_9_0_.png,5,348
adv_258_0_6_.png,5,154
adv_358_1_7_.png,5,433
adv_198_6_9_.png,5,160
adv_345_2_3_.png,5,113
adv_341_1_8_.png,5,73
adv_76_5_3_.png,5,114
adv_147_9_2_.png,5,322
adv_232_0_7_.png,5,108
adv_220_4_3_.png,5,147
adv_361_1_0_.png,5,221
adv_405_3_9_.png,5,147
adv_480_5_2_.png,5,231
adv_487_6_0_.png,5,137
adv_367_1_7_.png,5,131
adv_154_7_0_.png,5,118
adv_49_1_4_.png,5,87
adv_112_9_3_.png,5,204
adv_14_2_5_.png,5,199
adv_131_1_5_.png,5,132
adv_356_1_5_.png,5,118
adv_256_0_4_.png,5,101
adv_306_4_9_.png,5,303
adv_202_6_3_.png,5,158
adv_23_1_5_.png,5,118
adv_453_6_2_.png,5,69
adv_489_6_2_.png,5,56
adv_244_4_0_.png,5,166
adv_378_7_9_.png,5,106
adv_284_1_5_.png,5,438
adv_286_1_7_.png,5,185
adv_62_4_8_.png,5,63
adv_336_1_3_.png,5,78
adv_428_2_5_.png,5,155
adv_173_4_1_.png,5,170
adv_461_3_1_.png,5,147
adv_216_5_9_.png,5,166
adv_19_1_0_.png,5,202
adv_243_7_9_.png,5,101
adv_246_4_2_.png,5,101
adv_182_9_1_.png,5,248
adv_200_6_1_.png,5,106
adv_133_1_7_.png,5,167
adv_484_5_7_.png,5,105
adv_451_6_0_.png,5,109
adv_435_4_2_.png,5,144
adv_156_7_2_.png,5,157
adv_365_1_5_.png,5,136
adv_16_2_7_.png,5,180
adv_110_9_1_.png,5,159
adv_142_5_7_.png,5,176
adv_457_6_7_.png,5,198
adv_253_0_1_.png,5,130
adv_34_0_7_.png,5,143
adv_352_1_0_.png,5,300
adv_10_2_0_.png,5,157
adv_362_1_2_.png,5,111
adv_145_9_0_.png,5,218
adv_74_5_1_.png,5,348
adv_280_1_0_.png,5,196
adv_230_0_5_.png,5,163
adv_494_6_8_.png,5,71
adv_2_7_1_.png,5,127
adv_473_5_4_.png,5,88
adv_66_9_2_.png,5,76
adv_209_5_1_.png,5,280
adv_463_3_4_.png,5,104
adv_459_6_9_.png,5,194
adv_407_5_1_.png,5,126
adv_266_1_5_.png,5,107
adv_372_7_2_.png,5,78
adv_122_0_5_.png,5,293
adv_203_6_4_.png,5,93
adv_304_4_7_.png,5,170
adv_195_6_5_.png,5,293
adv_48_1_3_.png,5,228
adv_41_4_5_.png,5,154
adv_78_5_6_.png,5,126
adv_113_9_4_.png,5,126
adv_165_3_2_.png,5,112
adv_268_1_7_.png,5,174
adv_409_5_3_.png,5,109
adv_298_4_0_.png,5,168
adv_324_2_9_.png,5,97
adv_375_7_5_.png,5,110
adv_288_1_9_.png,5,210
adv_192_6_2_.png,5,75
adv_314_7_8_.png,5,169
adv_210_5_2_.png,5,78
adv_18_2_9_.png,5,188
adv_395_2_8_.png,5,68
adv_77_5_4_.png,5,97
adv_382_4_3_.png,5,155
adv_470_5_1_.png,5,396
adv_219_4_2_.png,5,105
adv_327_7_2_.png,5,72
adv_55_4_0_.png,5,186
adv_315_7_9_.png,5,131
adv_46_1_0_.png,5,423
adv_211_5_3_.png,5,92
adv_283_1_4_.png,5,75
adv_193_6_3_.png,5,315
adv_270_1_9_.png,5,169
adv_221_4_5_.png,5,118
adv_13_2_4_.png,5,114
adv_408_5_2_.png,5,461
adv_374_7_4_.png,5,111
adv_299_4_1_.png,5,216
adv_454_6_3_.png,5,126
adv_79_5_7_.png,5,137
adv_468_3_9_.png,5,155
adv_194_6_4_.png,5,66
adv_31_0_4_.png,5,204
adv_217_4_0_.png,5,222
adv_321_2_6_.png,5,139
adv_373_7_3_.png,5,115
adv_272_3_1_.png,5,202
adv_406_5_0_.png,5,144
adv_458_6_8_.png,5,95
adv_430_2_7_.png,5,190
adv_236_7_1_.png,5,126
adv_208_5_0_.png,5,147
adv_67_9_3_.png,5,240
adv_499_0_4_.png,5,108
adv_495_6_9_.png,5,111
adv_213_5_6_.png,5,88
adv_466_3_7_.png,5,397
adv_413_5_8_.png,5,113
adv_363_1_3_.png,5,110
adv_116_9_7_.png,5,102
adv_11_2_1_.png,5,127
adv_160_7_6_.png,5,190
adv_157_7_3_.png,5,104
adv_364_1_4_.png,5,401
adv_150_9_5_.png,5,174
adv_107_6_8_.png,5,80
adv_238_7_3_.png,5,96
adv_53_1_8_.png,5,82
adv_132_1_6_.png,5,128
adv_242_7_8_.png,5,105
adv_247_4_3_.png,5,105
adv_172_4_0_.png,5,222
adv_460_3_0_.png,5,153
adv_63_4_9_.png,5,88
adv_237_7_2_.png,5,180
adv_108_6_9_.png,5,334
adv_228_0_8_.png,5,123
adv_170_3_8_.png,5,110
adv_169_3_7_.png,5,380
adv_281_1_2_.png,5,187
adv_295_3_7_.png,5,170
adv_469_5_0_.png,5,175
adv_199_6_0_.png,5,136
adv_360_1_9_.png,5,152
adv_260_0_8_.png,5,374
adv_421_1_7_.png,5,162
adv_442_4_0_.png,5,146
adv_353_1_2_.png,5,73
adv_441_4_9_.png,5,86
adv_185_9_4_.png,5,73
adv_97_0_7_.png,5,127
adv_456_6_5_.png,5,94
adv_129_1_3_.png,5,120
adv_81_5_9_.png,5,155
adv_333_7_9_.png,5,94
adv_167_3_5_.png,5,65
adv_403_3_7_.png,5,141
adv_151_9_6_.png,5,384
adv_416_1_2_.png,5,125
adv_431_2_8_.png,5,353
adv_5_7_4_.png,5,129
adv_476_5_8_.png,5,179
adv_82_9_0_.png,5,151
adv_491_6_4_.png,5,132
adv_234_0_9_.png,5,128
adv_229_0_4_.png,5,90
adv_439_4_7_.png,5,135
adv_218_4_1_.png,5,180
adv_326_7_1_.png,5,121
adv_275_3_5_.png,5,75
adv_467_3_8_.png,5,147
adv_45_4_9_.png,5,95
adv_316_2_0_.png,5,151
adv_117_9_8_.png,5,93
adv_424_2_0_.png,5,179
adv_412_5_7_.png,5,237
adv_136_5_0_.png,5,184
adv_25_1_7_.png,5,142
adv_126_0_9_.png,5,95
adv_206_6_8_.png,5,75
adv_100_6_0_.png,5,106
adv_72_9_8_.png,5,86
adv_224_4_8_.png,5,140
adv_52_1_7_.png,5,95
adv_109_9_0_.png,5,166
adv_106_6_7_.png,5,154
adv_328_7_3_.png,5,85
adv_437_4_5_.png,5,199
adv_320_2_5_.png,5,125
adv_384_4_6_.png,5,168
adv_99_0_9_.png,5,117
adv_273_3_2_.png,5,95
adv_138_5_2_.png,5,165
adv_311_7_4_.png,5,103
adv_391_2_4_.png,5,241
adv_318_2_3_.png,5,98
adv_343_2_0_.png,5,124
adv_139_5_3_.png,5,135
adv_287_1_8_.png,5,128
adv_98_0_8_.png,5,140
adv_267_1_6_.png,5,297
adv_385_4_7_.png,5,93
adv_123_0_6_.png,5,148
adv_485_5_8_.png,5,79
adv_225_4_9_.png,5,113
adv_143_5_8_.png,5,78
adv_149_9_4_.png,5,68
adv_17_2_8_.png,5,65
adv_164_3_1_.png,5,279
adv_35_0_8_.png,5,327
adv_207_6_9_.png,5,112
adv_161_7_8_.png,5,118
adv_101_6_1_.png,5,181
adv_24_1_6_.png,5,203
adv_252_4_9_.png,5,94
adv_425_2_1_.png,5,175
adv_137_5_1_.png,5,143
adv_44_4_8_.png,5,93
adv_317_2_1_.png,5,202
adv_47_1_2_.png,5,119
adv_471_5_2_.png,5,129
adv_438_4_6_.png,5,217
adv_274_3_4_.png,5,347
adv_429_2_6_.png,5,339
adv_83_9_1_.png,5,239
adv_477_5_9_.png,5,132
adv_264_1_3_.png,5,81
adv_305_4_8_.png,5,161
adv_355_1_4_.png,5,86
adv_59_4_5_.png,5,108
adv_417_1_3_.png,5,111
adv_183_9_2_.png,5,398
adv_201_6_2_.png,5,87
adv_434_4_1_.png,5,167
adv_91_0_1_.png,5,111
adv_402_3_6_.png,5,178
adv_120_0_3_.png,5,136
adv_332_7_8_.png,5,97
adv_80_5_8_.png,5,112
adv_166_3_4_.png,5,132
adv_111_9_2_.png,5,92
adv_128_1_2_.png,5,238
adv_96_0_6_.png,5,176
adv_443_4_1_.png,5,199
adv_269_1_8_.png,5,343
adv_440_4_8_.png,5,150
adv_427_2_4_.png,5,204
adv_420_1_6_.png,5,163
adv_261_0_9_.png,5,122
adv_394_2_7_.png,5,134
adv_127_1_0_.png,5,157
adv_294_3_6_.png,5,184
adv_212_5_4_.png,5,159
adv_342_1_9_.png,5,139
adv_75_5_2_.png,5,67
adv_231_0_6_.png,5,128
adv_168_3_6_.png,5,129
adv_3_7_2_.png,5,82
adv_171_3_9_.png,5,186
adv_1_7_0_.png,5,213
adv_450_4_9_.png,5,62
adv_146_9_1_.png,5,201
adv_86_9_4_.png,5,45
adv_250_4_7_.png,5,166
adv_377_7_8_.png,5,114
adv_94_0_4_.png,5,112
adv_26_1_8_.png,5,79
adv_205_6_7_.png,5,161
adv_134_1_8_.png,5,307
adv_478_5_0_.png,5,198
adv_88_9_6_.png,5,163
adv_15_2_6_.png,5,90
adv_197_6_8_.png,5,77
adv_148_9_3_.png,5,162
adv_71_9_7_.png,5,146
adv_141_5_6_.png,5,119
adv_181_9_0_.png,5,119
adv_357_1_6_.png,5,132
adv_452_6_1_.png,5,149
adv_93_0_3_.png,5,131
adv_436_4_3_.png,5,133
adv_278_3_8_.png,5,71
adv_400_3_4_.png,5,92
adv_387_4_9_.png,5,78
adv_488_6_1_.png,5,230
adv_493_6_7_.png,5,257
adv_285_1_6_.png,5,129
adv_335_1_2_.png,5,101
adv_319_2_4_.png,5,160
adv_215_5_8_.png,5,81
adv_359_1_8_.png,5,184
adv_381_4_2_.png,5,107
adv_276_3_6_.png,5,159
adv_158_7_4_.png,5,74
adv_233_0_8_.png,5,121
adv_340_1_7_.png,5,111
adv_347_2_5_.png,5,123
adv_396_2_9_.png,5,158
adv_296_3_8_.png,5,76
adv_174_4_2_.png,5,84
adv_422_1_8_.png,5,109
adv_426_2_3_.png,5,134
adv_410_5_4_.png,5,125
adv_338_1_5_.png,5,98
adv_103_6_3_.png,5,171
adv_9_7_9_.png,5,70
adv_482_5_4_.png,5,121
adv_349_2_7_.png,5,175
adv_29_0_2_.png,5,126
adv_331_7_6_.png,5,211
adv_21_1_3_.png,5,146
adv_121_0_4_.png,5,82
adv_104_6_4_.png,5,130
adv_254_0_2_.png,5,59
adv_354_1_3_.png,5,83
adv_350_2_8_.png,5,147
adv_68_9_4_.png,5,85
adv_308_7_1_.png,5,134
adv_389_2_1_.png,5,152
adv_265_1_4_.png,5,200
adv_289_3_0_.png,5,231
adv_475_5_7_.png,5,190
adv_490_6_3_.png,5,165
adv_393_2_6_.png,5,202
adv_119_0_2_.png,5,85
adv_313_7_6_.png,5,206
adv_189_9_8_.png,5,103
adv_474_5_6_.png,5,102
adv_388_2_0_.png,5,187
adv_271_3_0_.png,5,163
adv_4_7_3_.png,5,90
adv_240_7_5_.png,5,95
adv_255_0_3_.png,5,110
adv_105_6_5_.png,5,278
adv_32_0_5_.png,5,98
adv_153_9_8_.png,5,85
adv_58_4_3_.png,5,150
adv_69_9_5_.png,5,213
adv_50_1_5_.png,5,108
adv_351_2_9_.png,5,180
adv_322_2_7_.png,5,86
adv_20_1_2_.png,5,210
adv_497_0_2_.png,5,50
adv_180_4_9_.png,5,115
adv_179_4_8_.png,5,96
adv_348_2_6_.png,5,202
adv_433_4_0_.png,5,163
adv_8_7_8_.png,5,161
adv_248_4_5_.png,5,124
adv_102_6_2_.png,5,90
adv_184_9_3_.png,5,115
adv_423_1_9_.png,5,131
adv_346_2_4_.png,5,299
adv_175_4_3_.png,5,150
adv_297_3_9_.png,5,379
adv_159_7_5_.png,5,203
adv_277_3_7_.png,5,284
adv_56_4_1_.png,5,199
adv_263_1_2_.png,5,111
adv_310_7_3_.png,5,74
adv_291_3_2_.png,5,137
adv_390_2_3_.png,5,99
adv_39_4_2_.png,5,78
adv_7_7_6_.png,5,384
adv_399_3_2_.png,5,303
adv_386_4_8_.png,5,88
adv_90_9_8_.png,5,287
adv_401_3_5_.png,5,98
adv_329_7_4_.png,5,98
adv_279_3_9_.png,5,129
adv_226_0_1_.png,5,335
adv_92_0_2_.png,5,100
adv_415_1_0_.png,5,170
adv_446_4_5_.png,5,319
adv_70_9_6_.png,5,148
adv_89_9_7_.png,5,128
adv_187_9_6_.png,5,220
adv_302_4_5_.png,5,133
adv_135_1_9_.png,5,267
adv_479_5_1_.png,5,280
adv_124_0_7_.png,5,236
adv_397_3_0_.png,5,158
adv_27_1_9_.png,5,150
adv_95_0_5_.png,5,103
adv_163_3_0_.png,5,222
adv_37_4_0_.png,5,150
adv_115_9_6_.png,5,242
adv_144_5_9_.png,5,172
adv_87_9_5_.png,5,176
adv_177_4_6_.png,5,219
adv_500_0_5_.png,5,118
adv_465_3_6_.png,5,165
adv_344_2_1_.png,5,123
adv_448_4_7_.png,5,148
adv_235_7_0_.png,5,244
adv_290_3_1_.png,10,188
adv_462_3_2_.png,10,130
adv_334_1_0_.png,10,300
adv_492_6_5_.png,10,209
adv_38_4_1_.png,10,434
adv_6_7_5_.png,10,125
adv_398_3_1_.png,10,175
adv_432_2_9_.png,10,212
adv_245_4_1_.png,10,229
adv_188_9_7_.png,10,122
adv_227_0_2_.png,10,321
adv_323_2_8_.png,10,117
adv_22_1_4_.png,10,159
adv_257_0_5_.png,10,129
adv_30_0_3_.png,10,371
adv_130_1_4_.png,10,276
adv_447_4_6_.png,10,175
adv_152_9_7_.png,10,100
adv_178_4_7_.png,10,152
adv_40_4_3_.png,10,164
adv_140_5_4_.png,10,133
adv_366_1_6_.png,10,155
adv_155_7_1_.png,10,222
adv_186_9_5_.png,10,302
adv_204_6_5_.png,10,138
adv_303_4_6_.png,10,220
adv_404_3_8_.png,10,152
adv_481_5_3_.png,10,173
adv_455_6_4_.png,10,145
adv_12_2_3_.png,10,188
adv_114_9_5_.png,10,361
adv_282_1_3_.png,10,286
adv_464_3_5_.png,10,129
adv_176_4_5_.png,10,175
adv_65_9_1_.png,10,562
adv_383_4_5_.png,10,371
adv_259_0_7_.png,10,165
adv_61_4_7_.png,10,172
adv_312_7_5_.png,10,237
adv_73_5_0_.png,10,394
adv_118_0_1_.png,10,196
adv_392_2_5_.png,10,198
adv_292_3_4_.png,10,140
adv_241_7_6_.png,10,439
adv_239_7_4_.png,10,194
adv_51_1_6_.png,10,423
adv_445_4_3_.png,10,266
adv_33_0_6_.png,10,155
adv_371_7_1_.png,10,339
adv_496_0_1_.png,10,304
adv_42_4_6_.png,10,411
adv_376_7_6_.png,10,306
adv_483_5_6_.png,10,122
adv_249_4_6_.png,10,145
adv_125_0_8_.png,10,107
adv_301_4_3_.png,10,205
adv_191_6_1_.png,10,194
adv_223_4_7_.png,10,158
adv_411_5_6_.png,10,158
adv_498_0_3_.png,10,189
adv_368_1_8_.png,10,124
adv_85_9_3_.png,10,328
adv_325_7_0_.png,10,220
adv_418_1_4_.png,10,260
adv_449_4_8_.png,10,463
adv_57_4_2_.png,10,563
adv_380_4_1_.png,10,195
adv_262_1_0_.png,10,273
adv_472_5_3_.png,10,170
adv_419_1_5_.png,10,140
adv_379_4_0_.png,10,237
adv_84_9_2_.png,10,541
adv_369_1_9_.png,10,217
adv_251_4_8_.png,10,129
adv_339_1_6_.png,10,162
adv_222_4_6_.png,10,466
adv_190_6_0_.png,10,171
adv_300_4_2_.png,10,91
adv_307_7_0_.png,10,223
adv_36_0_9_.png,10,155
adv_54_1_9_.png,10,440
adv_162_7_9_.png,10,113
adv_28_0_1_.png,10,290
adv_196_6_7_.png,10,208
adv_43_4_7_.png,10,135
adv_330_7_5_.png,10,157
adv_414_5_9_.png,10,440
adv_370_7_0_.png,10,238
adv_486_5_9_.png,10,163
adv_444_4_2_.png,10,114
adv_309_7_2_.png,10,104
adv_214_5_7_.png,10,194
adv_293_3_5_.png,10,90
adv_337_1_4_.png,10,160
adv_60_4_6_.png,10,161
adv_64_9_0_.png,10,444
adv_258_0_6_.png,10,189
adv_358_1_7_.png,10,516
adv_198_6_9_.png,10,218
adv_345_2_3_.png,10,178
adv_341_1_8_.png,10,106
adv_76_5_3_.png,10,168
adv_147_9_2_.png,10,354
adv_232_0_7_.png,10,160
adv_220_4_3_.png,10,195
adv_361_1_0_.png,10,289
adv_405_3_9_.png,10,228
adv_480_5_2_.png,10,305
adv_487_6_0_.png,10,182
adv_367_1_7_.png,10,174
adv_154_7_0_.png,10,174
adv_49_1_4_.png,10,126
adv_112_9_3_.png,10,283
adv_14_2_5_.png,10,274
adv_131_1_5_.png,10,172
adv_356_1_5_.png,10,180
adv_256_0_4_.png,10,171
adv_306_4_9_.png,10,389
adv_202_6_3_.png,10,223
adv_23_1_5_.png,10,139
adv_453_6_2_.png,10,91
adv_489_6_2_.png,10,87
adv_244_4_0_.png,10,196
adv_378_7_9_.png,10,164
adv_284_1_5_.png,10,515
adv_286_1_7_.png,10,233
adv_62_4_8_.png,10,92
adv_336_1_3_.png,10,149
adv_428_2_5_.png,10,205
adv_173_4_1_.png,10,247
adv_461_3_1_.png,10,188
adv_216_5_9_.png,10,216
adv_19_1_0_.png,10,273
adv_243_7_9_.png,10,138
adv_246_4_2_.png,10,136
adv_182_9_1_.png,10,334
adv_200_6_1_.png,10,136
adv_133_1_7_.png,10,225
adv_484_5_7_.png,10,145
adv_451_6_0_.png,10,142
adv_435_4_2_.png,10,208
adv_156_7_2_.png,10,246
adv_365_1_5_.png,10,206
adv_16_2_7_.png,10,270
adv_110_9_1_.png,10,198
adv_142_5_7_.png,10,264
adv_457_6_7_.png,10,275
adv_253_0_1_.png,10,182
adv_34_0_7_.png,10,226
adv_352_1_0_.png,10,391
adv_10_2_0_.png,10,183
adv_362_1_2_.png,10,171
adv_145_9_0_.png,10,274
adv_74_5_1_.png,10,394
adv_280_1_0_.png,10,282
adv_230_0_5_.png,10,249
adv_494_6_8_.png,10,99
adv_2_7_1_.png,10,162
adv_473_5_4_.png,10,120
adv_66_9_2_.png,10,103
adv_209_5_1_.png,10,376
adv_463_3_4_.png,10,148
adv_459_6_9_.png,10,282
adv_407_5_1_.png,10,167
adv_266_1_5_.png,10,162
adv_372_7_2_.png,10,100
adv_122_0_5_.png,10,365
adv_203_6_4_.png,10,133
adv_304_4_7_.png,10,267
adv_195_6_5_.png,10,351
adv_48_1_3_.png,10,329
adv_41_4_5_.png,10,227
adv_78_5_6_.png,10,162
adv_113_9_4_.png,10,210
adv_165_3_2_.png,10,142
adv_268_1_7_.png,10,229
adv_409_5_3_.png,10,152
adv_298_4_0_.png,10,198
adv_324_2_9_.png,10,146
adv_375_7_5_.png,10,145
adv_288_1_9_.png,10,357
adv_192_6_2_.png,10,105
adv_314_7_8_.png,10,278
adv_210_5_2_.png,10,115
adv_18_2_9_.png,10,281
adv_395_2_8_.png,10,102
adv_77_5_4_.png,10,136
adv_382_4_3_.png,10,236
adv_470_5_1_.png,10,438
adv_219_4_2_.png,10,130
adv_327_7_2_.png,10,91
adv_55_4_0_.png,10,244
adv_315_7_9_.png,10,245
adv_46_1_0_.png,10,555
adv_211_5_3_.png,10,131
adv_283_1_4_.png,10,117
adv_193_6_3_.png,10,403
adv_270_1_9_.png,10,215
adv_221_4_5_.png,10,146
adv_13_2_4_.png,10,144
adv_408_5_2_.png,10,519
adv_374_7_4_.png,10,148
adv_299_4_1_.png,10,296
adv_454_6_3_.png,10,169
adv_79_5_7_.png,10,169
adv_468_3_9_.png,10,199
adv_194_6_4_.png,10,101
adv_31_0_4_.png,10,298
adv_217_4_0_.png,10,320
adv_321_2_6_.png,10,169
adv_373_7_3_.png,10,155
adv_272_3_1_.png,10,273
adv_406_5_0_.png,10,201
adv_458_6_8_.png,10,126
adv_430_2_7_.png,10,278
adv_236_7_1_.png,10,178
adv_208_5_0_.png,10,197
adv_67_9_3_.png,10,327
adv_499_0_4_.png,10,179
adv_495_6_9_.png,10,161
adv_213_5_6_.png,10,130
adv_466_3_7_.png,10,450
adv_413_5_8_.png,10,157
adv_363_1_3_.png,10,142
adv_116_9_7_.png,10,145
adv_11_2_1_.png,10,184
adv_160_7_6_.png,10,252
adv_157_7_3_.png,10,156
adv_364_1_4_.png,10,449
adv_150_9_5_.png,10,273
adv_107_6_8_.png,10,114
adv_238_7_3_.png,10,152
adv_53_1_8_.png,10,120
adv_132_1_6_.png,10,170
adv_242_7_8_.png,10,142
adv_247_4_3_.png,10,151
adv_172_4_0_.png,10,313
adv_460_3_0_.png,10,199
adv_63_4_9_.png,10,120
adv_237_7_2_.png,10,242
adv_108_6_9_.png,10,444
adv_228_0_8_.png,10,152
adv_170_3_8_.png,10,167
adv_169_3_7_.png,10,454
adv_281_1_2_.png,10,283
adv_295_3_7_.png,10,223
adv_469_5_0_.png,10,228
adv_199_6_0_.png,10,181
adv_360_1_9_.png,10,230
adv_260_0_8_.png,10,425
adv_421_1_7_.png,10,197
adv_442_4_0_.png,10,175
adv_353_1_2_.png,10,98
adv_441_4_9_.png,10,126
adv_185_9_4_.png,10,114
adv_97_0_7_.png,10,220
adv_456_6_5_.png,10,131
adv_129_1_3_.png,10,230
adv_81_5_9_.png,10,203
adv_333_7_9_.png,10,133
adv_167_3_5_.png,10,89
adv_403_3_7_.png,10,181
adv_151_9_6_.png,10,508
adv_416_1_2_.png,10,179
adv_431_2_8_.png,10,407
adv_5_7_4_.png,10,231
adv_476_5_8_.png,10,272
adv_82_9_0_.png,10,188
adv_491_6_4_.png,10,232
adv_234_0_9_.png,10,170
adv_229_0_4_.png,10,126
adv_439_4_7_.png,10,172
adv_218_4_1_.png,10,221
adv_326_7_1_.png,10,177
adv_275_3_5_.png,10,106
adv_467_3_8_.png,10,245
adv_45_4_9_.png,10,131
adv_316_2_0_.png,10,214
adv_117_9_8_.png,10,175
adv_424_2_0_.png,10,264
adv_412_5_7_.png,10,309
adv_136_5_0_.png,10,284
adv_25_1_7_.png,10,232
adv_126_0_9_.png,10,144
adv_206_6_8_.png,10,125
adv_100_6_0_.png,10,157
adv_72_9_8_.png,10,129
adv_224_4_8_.png,10,189
adv_52_1_7_.png,10,134
adv_109_9_0_.png,10,225
adv_106_6_7_.png,10,207
adv_328_7_3_.png,10,125
adv_437_4_5_.png,10,299
adv_320_2_5_.png,10,207
adv_384_4_6_.png,10,234
adv_99_0_9_.png,10,171
adv_273_3_2_.png,10,122
adv_138_5_2_.png,10,249
adv_311_7_4_.png,10,154
adv_391_2_4_.png,10,311
adv_318_2_3_.png,10,151
adv_343_2_0_.png,10,158
adv_139_5_3_.png,10,254
adv_287_1_8_.png,10,217
adv_98_0_8_.png,10,223
adv_267_1_6_.png,10,306
adv_385_4_7_.png,10,129
adv_123_0_6_.png,10,204
adv_485_5_8_.png,10,110
adv_225_4_9_.png,10,149
adv_143_5_8_.png,10,109
adv_149_9_4_.png,10,97
adv_17_2_8_.png,10,93
adv_164_3_1_.png,10,383
adv_35_0_8_.png,10,405
adv_207_6_9_.png,10,152
adv_161_7_8_.png,10,154
adv_101_6_1_.png,10,274
adv_24_1_6_.png,10,292
adv_252_4_9_.png,10,133
adv_425_2_1_.png,10,231
adv_137_5_1_.png,10,190
adv_44_4_8_.png,10,131
adv_317_2_1_.png,10,285
adv_47_1_2_.png,10,170
adv_471_5_2_.png,10,179
adv_438_4_6_.png,10,272
adv_274_3_4_.png,10,390
adv_429_2_6_.png,10,431
adv_83_9_1_.png,10,353
adv_477_5_9_.png,10,215
adv_264_1_3_.png,10,126
adv_305_4_8_.png,10,213
adv_355_1_4_.png,10,119
adv_59_4_5_.png,10,134
adv_417_1_3_.png,10,163
adv_183_9_2_.png,10,411
adv_201_6_2_.png,10,120
adv_434_4_1_.png,10,196
adv_91_0_1_.png,10,161
adv_402_3_6_.png,10,228
adv_120_0_3_.png,10,176
adv_332_7_8_.png,10,139
adv_80_5_8_.png,10,138
adv_166_3_4_.png,10,174
adv_111_9_2_.png,10,122
adv_128_1_2_.png,10,331
adv_96_0_6_.png,10,266
adv_443_4_1_.png,10,287
adv_269_1_8_.png,10,400
adv_440_4_8_.png,10,194
adv_427_2_4_.png,10,303
adv_420_1_6_.png,10,208
adv_261_0_9_.png,10,164
adv_394_2_7_.png,10,223
adv_127_1_0_.png,10,205
adv_294_3_6_.png,10,269
adv_212_5_4_.png,10,201
adv_342_1_9_.png,10,181
adv_75_5_2_.png,10,103
adv_231_0_6_.png,10,171
adv_168_3_6_.png,10,176
adv_3_7_2_.png,10,103
adv_171_3_9_.png,10,296
adv_1_7_0_.png,10,310
adv_450_4_9_.png,10,111
adv_146_9_1_.png,10,283
adv_86_9_4_.png,10,81
adv_250_4_7_.png,10,230
adv_377_7_8_.png,10,150
adv_94_0_4_.png,10,181
adv_26_1_8_.png,10,112
adv_205_6_7_.png,10,206
adv_134_1_8_.png,10,380
adv_478_5_0_.png,10,253
adv_88_9_6_.png,10,219
adv_15_2_6_.png,10,124
adv_197_6_8_.png,10,116
adv_148_9_3_.png,10,219
adv_71_9_7_.png,10,184
adv_141_5_6_.png,10,203
adv_181_9_0_.png,10,165
adv_357_1_6_.png,10,164
adv_452_6_1_.png,10,180
adv_93_0_3_.png,10,170
adv_436_4_3_.png,10,174
adv_278_3_8_.png,10,108
adv_400_3_4_.png,10,122
adv_387_4_9_.png,10,114
adv_488_6_1_.png,10,316
adv_493_6_7_.png,10,357
adv_285_1_6_.png,10,164
adv_335_1_2_.png,10,136
adv_319_2_4_.png,10,208
adv_215_5_8_.png,10,116
adv_359_1_8_.png,10,272
adv_381_4_2_.png,10,132
adv_276_3_6_.png,10,181
adv_158_7_4_.png,10,111
adv_233_0_8_.png,10,165
adv_340_1_7_.png,10,148
adv_347_2_5_.png,10,156
adv_396_2_9_.png,10,210
adv_296_3_8_.png,10,107
adv_174_4_2_.png,10,110
adv_422_1_8_.png,10,144
adv_426_2_3_.png,10,182
adv_410_5_4_.png,10,175
adv_338_1_5_.png,10,119
adv_103_6_3_.png,10,223
adv_9_7_9_.png,10,108
adv_482_5_4_.png,10,160
adv_349_2_7_.png,10,261
adv_29_0_2_.png,10,206
adv_331_7_6_.png,10,291
adv_21_1_3_.png,10,193
adv_121_0_4_.png,10,131
adv_104_6_4_.png,10,188
adv_254_0_2_.png,10,94
adv_354_1_3_.png,10,125
adv_350_2_8_.png,10,193
adv_68_9_4_.png,10,132
adv_308_7_1_.png,10,197
adv_389_2_1_.png,10,209
adv_265_1_4_.png,10,289
adv_289_3_0_.png,10,341
adv_475_5_7_.png,10,297
adv_490_6_3_.png,10,243
adv_393_2_6_.png,10,286
adv_119_0_2_.png,10,128
adv_313_7_6_.png,10,305
adv_189_9_8_.png,10,138
adv_474_5_6_.png,10,146
adv_388_2_0_.png,10,260
adv_271_3_0_.png,10,199
adv_4_7_3_.png,10,145
adv_240_7_5_.png,10,124
adv_255_0_3_.png,10,162
adv_105_6_5_.png,10,363
adv_32_0_5_.png,10,136
adv_153_9_8_.png,10,105
adv_58_4_3_.png,10,204
adv_69_9_5_.png,10,354
adv_50_1_5_.png,10,136
adv_351_2_9_.png,10,230
adv_322_2_7_.png,10,126
adv_20_1_2_.png,10,300
adv_497_0_2_.png,10,78
adv_180_4_9_.png,10,157
adv_179_4_8_.png,10,125
adv_348_2_6_.png,10,294
adv_433_4_0_.png,10,203
adv_8_7_8_.png,10,209
adv_248_4_5_.png,10,142
adv_102_6_2_.png,10,131
adv_184_9_3_.png,10,168
adv_423_1_9_.png,10,166
adv_346_2_4_.png,10,360
adv_175_4_3_.png,10,184
adv_297_3_9_.png,10,424
adv_159_7_5_.png,10,290
adv_277_3_7_.png,10,363
adv_56_4_1_.png,10,293
adv_263_1_2_.png,10,141
adv_310_7_3_.png,10,120
adv_291_3_2_.png,10,224
adv_390_2_3_.png,10,140
adv_39_4_2_.png,10,106
adv_7_7_6_.png,10,441
adv_399_3_2_.png,10,422
adv_386_4_8_.png,10,123
adv_90_9_8_.png,10,375
adv_401_3_5_.png,10,125
adv_329_7_4_.png,10,139
adv_279_3_9_.png,10,173
adv_226_0_1_.png,10,432
adv_92_0_2_.png,10,189
adv_415_1_0_.png,10,207
adv_446_4_5_.png,10,400
adv_70_9_6_.png,10,179
adv_89_9_7_.png,10,176
adv_187_9_6_.png,10,310
adv_302_4_5_.png,10,177
adv_135_1_9_.png,10,377
adv_479_5_1_.png,10,374
adv_124_0_7_.png,10,306
adv_397_3_0_.png,10,196
adv_27_1_9_.png,10,194
adv_95_0_5_.png,10,194
adv_163_3_0_.png,10,330
adv_37_4_0_.png,10,187
adv_115_9_6_.png,10,334
adv_144_5_9_.png,10,249
adv_87_9_5_.png,10,264
adv_177_4_6_.png,10,327
adv_500_0_5_.png,10,153
adv_465_3_6_.png,10,202
adv_344_2_1_.png,10,161
adv_448_4_7_.png,10,237
adv_235_7_0_.png,10,327
